<?xml version="1.0" encoding="UTF-8"?>
<project-private xmlns="http://www.netbeans.org/ns/project-private/1">
    <editor-bookmarks xmlns="http://www.netbeans.org/ns/editor-bookmarks/2" lastBookmarkId="0"/>
    <open-files xmlns="http://www.netbeans.org/ns/projectui-open-files/2">
        <group>
            <file>file:/C:/Users/st/Documents/NetBeansProjects/WebApplication5/src/java/delete_data.java</file>
            <file>file:/C:/Users/st/Documents/NetBeansProjects/WebApplication5/src/java/update_data.java</file>
            <file>file:/C:/Users/st/Documents/NetBeansProjects/WebApplication5/src/java/viewdata.java</file>
            <file>file:/C:/Users/st/Documents/NetBeansProjects/WebApplication5/web/index.jsp</file>
            <file>file:/C:/Users/st/Documents/NetBeansProjects/WebApplication5/src/java/insert_data.java</file>
            <file>file:/C:/Users/st/Documents/NetBeansProjects/WebApplication5/web/update.jsp</file>
        </group>
    </open-files>
</project-private>
